1651002@fit.hcmus.edu.vn;Võ Thành ;An;01228718705
1651003@fit.hcmus.edu.vn;Huỳnh Gia ;Bảo;01228718705
1651004@fit.hcmus.edu.vn;Phan Bình ;Khang;01228718705
1651006@fit.hcmus.edu.vn;Cao Khắc Lê ;Duy;01228718705
1651008@fit.hcmus.edu.vn;Lê Sử Trường ;Giang;01228718705
1651010@fit.hcmus.edu.vn;Nguyễn Đình ;Hiếu;01228718705
1651011@fit.hcmus.edu.vn;Nguyễn Huy ;Hoàng;01228718705
1651012@fit.hcmus.edu.vn;Võ Anh ;Hoàng;01228718705
1651009@fit.hcmus.edu.vn;Lê Lưu ;Quỳnh Giao;01228718705
1651007@fit.hcmus.edu.vn;Lê Thanh ;Duy;0962804643
123123@fit.hcmus.edu.vn;Trần ;Tịnh;0962804643
thanhtinh@fit.hcmus.edu.vn;Nguyễn ;An;091723687123
1651001@fit.hcmus.edu.vn;Nguyễn Toàn;Anh;01228718705
ttt@fit.hcmus.edu.vn;awdawd ;awdad;98279871923
